,Latitude,Longitude,Number of schools,Rating,Schools,Site Name
0,38.96,-77.42,20,4.7,Loudoun School for the Gifted,Center for Innovation Technology
1,38.96,-77.42,20,3.2,Herndon High School,Center for Innovation Technology
2,38.96,-77.42,20,4.6,Fairfax Christian School,Center for Innovation Technology
3,38.96,-77.42,20,3.4,Broad Run High School,Center for Innovation Technology
4,38.96,-77.42,20,4.2,Rock Ridge High School,Center for Innovation Technology
5,38.96,-77.42,20,4.8,Newton School,Center for Innovation Technology
6,38.96,-77.42,20,4.7,Discovery Elementary School,Center for Innovation Technology
7,38.96,-77.42,20,3.7,National Association-Secondary School,Center for Innovation Technology
8,38.96,-77.42,20,5,The Merit School of Broadlands,Center for Innovation Technology
9,38.96,-77.42,20,3.3,Community Montessori School,Center for Innovation Technology
10,38.96,-77.42,20,NAN,Primrose School of Reston,Center for Innovation Technology
11,38.96,-77.42,20,3.8,Dranesville Elementary School,Center for Innovation Technology
12,38.96,-77.42,20,NAN,MTO Shahmaghsoudi School of Islamic Sufism,Center for Innovation Technology
13,38.96,-77.42,20,4.6,Lopez Studios Inc. Performing Arts Preparatory School,Center for Innovation Technology
14,38.96,-77.42,20,4.4,Tom Dolan Swim School,Center for Innovation Technology
15,38.96,-77.42,20,4.5,Potomac Swim School,Center for Innovation Technology
16,38.96,-77.42,20,2.3,Seneca Ridge Middle School,Center for Innovation Technology
17,38.96,-77.42,20,4.2,Forest Grove Elementary School,Center for Innovation Technology
18,38.96,-77.42,20,4.3,Montessori School of Fairfax,Center for Innovation Technology
19,38.96,-77.42,20,5,The Madame Curie School,Center for Innovation Technology
20,38.84,-77.05,20,4.4,Georgetown University School of Medicine,Crystal City and Potomac Yard
21,38.84,-77.05,20,4.3,Georgetown University School of Continuing Studies,Crystal City and Potomac Yard
22,38.84,-77.05,20,4.7,Elliott School of International Affairs,Crystal City and Potomac Yard
23,38.84,-77.05,20,4.2,School of Nursing & Health Studies,Crystal City and Potomac Yard
24,38.84,-77.05,20,4.6,Milken Institute School of Public Health,Crystal City and Potomac Yard
25,38.84,-77.05,20,4.4,Kimball Elementary School,Crystal City and Potomac Yard
26,38.84,-77.05,20,3.8,Yorktown High School,Crystal City and Potomac Yard
27,38.84,-77.05,20,3.6,Maya Angelou French Immersion School,Crystal City and Potomac Yard
28,38.84,-77.05,20,4.4,Burgundy Farm Country Day School,Crystal City and Potomac Yard
29,38.84,-77.05,20,5,Bishop John T. Walker School for Boys,Crystal City and Potomac Yard
30,38.84,-77.05,20,3.9,T.C. Williams High School,Crystal City and Potomac Yard
31,38.84,-77.05,20,NAN,Healthy Schools Network,Crystal City and Potomac Yard
32,38.84,-77.05,20,4.2,Washington School for Girls,Crystal City and Potomac Yard
33,38.84,-77.05,20,4.4,Georgetown University McDonough School of Business,Crystal City and Potomac Yard
34,38.84,-77.05,20,4.6,George Mason University Antonin Scalia Law School,Crystal City and Potomac Yard
35,38.84,-77.05,20,4.7,The George Washington University School of Business,Crystal City and Potomac Yard
36,38.84,-77.05,20,4.3,Metta Montessori School,Crystal City and Potomac Yard
37,38.84,-77.05,20,NAN,Imagine Hope Community Chartered School,Crystal City and Potomac Yard
38,38.84,-77.05,20,3.8,Kramer Middle School,Crystal City and Potomac Yard
39,38.84,-77.05,20,NAN,Langston High School,Crystal City and Potomac Yard
40,38.86,-77.01,20,4.4,Georgetown University School of Medicine,Nationals Park/ D.C United Stadium
41,38.86,-77.01,20,4.3,Georgetown University School of Continuing Studies,Nationals Park/ D.C United Stadium
42,38.86,-77.01,20,4.7,Elliott School of International Affairs,Nationals Park/ D.C United Stadium
43,38.86,-77.01,20,4.2,School of Nursing & Health Studies,Nationals Park/ D.C United Stadium
44,38.86,-77.01,20,4.4,Kimball Elementary School,Nationals Park/ D.C United Stadium
45,38.86,-77.01,20,4.6,Milken Institute School of Public Health,Nationals Park/ D.C United Stadium
46,38.86,-77.01,20,3.5,Sousa Middle School,Nationals Park/ D.C United Stadium
47,38.86,-77.01,20,3.5,Burrville Elementary School,Nationals Park/ D.C United Stadium
48,38.86,-77.01,20,3.6,Maya Angelou French Immersion School,Nationals Park/ D.C United Stadium
49,38.86,-77.01,20,NAN,"Middle School Building, Washington International School",Nationals Park/ D.C United Stadium
50,38.86,-77.01,20,5,Bishop John T. Walker School for Boys,Nationals Park/ D.C United Stadium
51,38.86,-77.01,20,5,Blessed Sacrament School,Nationals Park/ D.C United Stadium
52,38.86,-77.01,20,NAN,Howard University Medical School Parking Lot,Nationals Park/ D.C United Stadium
53,38.86,-77.01,20,NAN,Healthy Schools Network,Nationals Park/ D.C United Stadium
54,38.86,-77.01,20,4.2,Washington School for Girls,Nationals Park/ D.C United Stadium
55,38.86,-77.01,20,4.4,Georgetown University McDonough School of Business,Nationals Park/ D.C United Stadium
56,38.86,-77.01,20,4.6,George Mason University Antonin Scalia Law School,Nationals Park/ D.C United Stadium
57,38.86,-77.01,20,4.7,The George Washington University School of Business,Nationals Park/ D.C United Stadium
58,38.86,-77.01,20,4.3,Metta Montessori School,Nationals Park/ D.C United Stadium
59,38.86,-77.01,20,NAN,Imagine Hope Community Chartered School,Nationals Park/ D.C United Stadium
60,38.89,-77,20,4.3,Georgetown University School of Continuing Studies,Union Station
61,38.89,-77,20,3.9,National Cathedral School,Union Station
62,38.89,-77,20,4.7,Elliott School of International Affairs,Union Station
63,38.89,-77,20,4.2,School of Nursing & Health Studies,Union Station
64,38.89,-77,20,4.4,St. Albans School,Union Station
65,38.89,-77,20,4.4,Georgetown University School of Medicine,Union Station
66,38.89,-77,20,5,Washington International School: Primary School,Union Station
67,38.89,-77,20,4,Suitland High School Annex,Union Station
68,38.89,-77,20,4.4,The Lab School of Washington,Union Station
69,38.89,-77,20,4.4,Kimball Elementary School,Union Station
70,38.89,-77,20,4.6,Milken Institute School of Public Health,Union Station
71,38.89,-77,20,NAN,Bishop Mc Namara High School,Union Station
72,38.89,-77,20,NAN,"Ward Hall, Benjamin T. Rome School of Music, Catholic University of America",Union Station
73,38.89,-77,20,3.6,Maya Angelou French Immersion School,Union Station
74,38.89,-77,20,NAN,"Middle School Building, Washington International School",Union Station
75,38.89,-77,20,5,Bishop John T. Walker School for Boys,Union Station
76,38.89,-77,20,4.7,Next Step Public Charter School,Union Station
77,38.89,-77,20,NAN,Howard University Medical School Parking Lot,Union Station
78,38.89,-77,20,NAN,Healthy Schools Network,Union Station
79,38.89,-77,20,4.2,Washington School for Girls,Union Station
80,38.88,-76.97,20,4.5,Bishop McNamara High School,Hill-East Neighborhood
81,38.88,-76.97,20,4.3,Georgetown University School of Continuing Studies,Hill-East Neighborhood
82,38.88,-76.97,20,4.7,Elliott School of International Affairs,Hill-East Neighborhood
83,38.88,-76.97,20,4.6,Milken Institute School of Public Health,Hill-East Neighborhood
84,38.88,-76.97,20,NAN,Benjamin T. Rome School of Music,Hill-East Neighborhood
85,38.88,-76.97,20,4,Suitland High School Annex,Hill-East Neighborhood
86,38.88,-76.97,20,3.7,Thomas Claggett Elementary School,Hill-East Neighborhood
87,38.88,-76.97,20,4.4,Kimball Elementary School,Hill-East Neighborhood
88,38.88,-76.97,20,NAN,Bishop Mc Namara High School,Hill-East Neighborhood
89,38.88,-76.97,20,4.4,Elizabeth Seton High School,Hill-East Neighborhood
90,38.88,-76.97,20,3.6,Maya Angelou French Immersion School,Hill-East Neighborhood
91,38.88,-76.97,20,NAN,"Middle School Building, Washington International School",Hill-East Neighborhood
92,38.88,-76.97,20,5,Bishop John T. Walker School for Boys,Hill-East Neighborhood
93,38.88,-76.97,20,4.7,Next Step Public Charter School,Hill-East Neighborhood
94,38.88,-76.97,20,NAN,Howard University Medical School Parking Lot,Hill-East Neighborhood
95,38.88,-76.97,20,NAN,Healthy Schools Network,Hill-East Neighborhood
96,38.88,-76.97,20,4.2,Washington School for Girls,Hill-East Neighborhood
97,38.88,-76.97,20,NAN,Avalon Elementary School,Hill-East Neighborhood
98,38.88,-76.97,20,4,Columbus School of Law The Catholic University of America,Hill-East Neighborhood
99,38.88,-76.97,20,4.7,The George Washington University School of Business,Hill-East Neighborhood
100,38.91,-77.02,20,4.3,Georgetown University School of Continuing Studies,Shaw-Howard University Area
101,38.91,-77.02,20,4.4,St John's College High School,Shaw-Howard University Area
102,38.91,-77.02,20,3.9,National Cathedral School,Shaw-Howard University Area
103,38.91,-77.02,20,4.7,Elliott School of International Affairs,Shaw-Howard University Area
104,38.91,-77.02,20,4.8,American University School of Communication,Shaw-Howard University Area
105,38.91,-77.02,20,4.4,St. Albans School,Shaw-Howard University Area
106,38.91,-77.02,20,4.4,Georgetown University School of Medicine,Shaw-Howard University Area
107,38.91,-77.02,20,4.4,The Lab School of Washington,Shaw-Howard University Area
108,38.91,-77.02,20,4.4,Kimball Elementary School,Shaw-Howard University Area
109,38.91,-77.02,20,4.6,Milken Institute School of Public Health,Shaw-Howard University Area
110,38.91,-77.02,20,3.8,Coolidge High School,Shaw-Howard University Area
111,38.91,-77.02,20,NAN,"Ward Hall, Benjamin T. Rome School of Music, Catholic University of America",Shaw-Howard University Area
112,38.91,-77.02,20,NAN,"Middle School Building, Washington International School",Shaw-Howard University Area
113,38.91,-77.02,20,3.5,Imagine Hope Community Charter School - Lamond Campus,Shaw-Howard University Area
114,38.91,-77.02,20,4.7,Next Step Public Charter School,Shaw-Howard University Area
115,38.91,-77.02,20,NAN,Howard University Medical School Parking Lot,Shaw-Howard University Area
116,38.91,-77.02,20,NAN,Healthy Schools Network,Shaw-Howard University Area
117,38.91,-77.02,20,4.2,Washington School for Girls,Shaw-Howard University Area
118,38.91,-77.02,20,4.4,Georgetown University McDonough School of Business,Shaw-Howard University Area
119,38.91,-77.02,20,4.5,Military Road School,Shaw-Howard University Area
120,34.1802,-118.6028,20,4.4,Chaminade College Preparatory High School,Warner Center West San Fernando Valley
121,34.1802,-118.6028,20,3.7,El Camino Real Charter High School,Warner Center West San Fernando Valley
122,34.1802,-118.6028,20,3.9,Taft Charter High School,Warner Center West San Fernando Valley
123,34.1802,-118.6028,20,3.4,Calabasas High School,Warner Center West San Fernando Valley
124,34.1802,-118.6028,20,3.1,Ivy Academia Entrepreneurial Charter School - High School Campus,Warner Center West San Fernando Valley
125,34.1802,-118.6028,20,4.4,Crespi Carmelite High School,Warner Center West San Fernando Valley
126,34.1802,-118.6028,20,4.7,St. Bernardine of Siena School,Warner Center West San Fernando Valley
127,34.1802,-118.6028,20,4.8,Greene Gables Pre-School and Elementary School,Warner Center West San Fernando Valley
128,34.1802,-118.6028,20,4.6,Our Lady of Grace School,Warner Center West San Fernando Valley
129,34.1802,-118.6028,20,2.5,Ingenium Charter Middle School,Warner Center West San Fernando Valley
130,34.1802,-118.6028,20,NAN,Woodcrest Private Elementary & Middle School,Warner Center West San Fernando Valley
131,34.1802,-118.6028,20,4.1,de Toledo High School,Warner Center West San Fernando Valley
132,34.1802,-118.6028,20,NAN,Highland Hall Waldorf School,Warner Center West San Fernando Valley
133,34.1802,-118.6028,20,5,Maria's Montessori School,Warner Center West San Fernando Valley
134,34.1802,-118.6028,20,NAN,Devonshire Continuation School,Warner Center West San Fernando Valley
135,34.1802,-118.6028,20,3.8,St Martin In the Fields School,Warner Center West San Fernando Valley
136,34.1802,-118.6028,20,5,SoundCheck Music School,Warner Center West San Fernando Valley
137,34.1802,-118.6028,20,5,Our Lady of the Valley School,Warner Center West San Fernando Valley
138,34.1802,-118.6028,20,4.7,Pomelo Community Charter,Warner Center West San Fernando Valley
139,34.1802,-118.6028,20,4.3,Hill Point Montessori Preparatory School,Warner Center West San Fernando Valley
140,34.4318,-118.5584,20,5,Saugus Union School District,New Hall Ranch Santa Clarita Valley
141,34.4318,-118.5584,20,3.9,West Ranch High School,New Hall Ranch Santa Clarita Valley
142,34.4318,-118.5584,20,3,Castaic Union School District,New Hall Ranch Santa Clarita Valley
143,34.4318,-118.5584,20,3.8,Valencia High School,New Hall Ranch Santa Clarita Valley
144,34.4318,-118.5584,20,3.6,Canyon High School,New Hall Ranch Santa Clarita Valley
145,34.4318,-118.5584,20,3.6,Saugus High School,New Hall Ranch Santa Clarita Valley
146,34.4318,-118.5584,20,4.2,Hart High School,New Hall Ranch Santa Clarita Valley
147,34.4318,-118.5584,20,3.8,Cedarcreek Elementary School,New Hall Ranch Santa Clarita Valley
148,34.4318,-118.5584,20,2.6,Castaic Middle School,New Hall Ranch Santa Clarita Valley
149,34.4318,-118.5584,20,4.5,Golden Oak Adult School,New Hall Ranch Santa Clarita Valley
150,34.4318,-118.5584,20,4.4,James Foster Elementary,New Hall Ranch Santa Clarita Valley
151,34.4318,-118.5584,20,4.3,Placerita Junior High School,New Hall Ranch Santa Clarita Valley
152,34.4318,-118.5584,20,NAN,Valencia High School,New Hall Ranch Santa Clarita Valley
153,34.4318,-118.5584,20,4,Town & Country Farm School Inc,New Hall Ranch Santa Clarita Valley
154,34.4318,-118.5584,20,NAN,Rancho Pico Junior High School,New Hall Ranch Santa Clarita Valley
155,34.4318,-118.5584,20,5,Our Lady of Perpetual Help School,New Hall Ranch Santa Clarita Valley
156,34.4318,-118.5584,20,5,Santa Clarita Valley Chinese School,New Hall Ranch Santa Clarita Valley
157,34.4318,-118.5584,20,1,Castaic Elementary School,New Hall Ranch Santa Clarita Valley
158,34.4318,-118.5584,20,3.8,Oak Hills Elementary School,New Hall Ranch Santa Clarita Valley
159,34.4318,-118.5584,20,4,Stevenson Ranch Elementary School,New Hall Ranch Santa Clarita Valley
160,34.0885,-117.7702,20,3.5,The School of Arts and Enterprise,Pomona Fairplex
161,34.0885,-117.7702,20,3.7,Montclair High School,Pomona Fairplex
162,34.0885,-117.7702,20,4.2,Damien High School,Pomona Fairplex
163,34.0885,-117.7702,20,5,Claremont School of Theology,Pomona Fairplex
164,34.0885,-117.7702,20,3.9,Bonita High School,Pomona Fairplex
165,34.0885,-117.7702,20,4.1,San Dimas High School,Pomona Fairplex
166,34.0885,-117.7702,20,4.1,Glendora High School,Pomona Fairplex
167,34.0885,-117.7702,20,NAN,Ingenium Schools,Pomona Fairplex
168,34.0885,-117.7702,20,NAN,Oak Knoll Alternative School,Pomona Fairplex
169,34.0885,-117.7702,20,3.5,School of Extended Educational Options,Pomona Fairplex
170,34.0885,-117.7702,20,5,Bonita Unified School District Shull,Pomona Fairplex
171,34.0885,-117.7702,20,NAN,Community Day School,Pomona Fairplex
172,34.0885,-117.7702,20,NAN,Bonita Unified School District Allen,Pomona Fairplex
173,34.0885,-117.7702,20,5,KGI School,Pomona Fairplex
174,34.0885,-117.7702,20,3.7,Glenn Rockey Camp School,Pomona Fairplex
175,34.0885,-117.7702,20,4.4,Collegewood Elementary School,Pomona Fairplex
176,34.0885,-117.7702,20,4.3,Oakmont Elementary School,Pomona Fairplex
177,34.0885,-117.7702,20,4.3,Calvary Baptist Schools,Pomona Fairplex
178,34.0885,-117.7702,20,4.5,Pomona High School,Pomona Fairplex
179,34.0885,-117.7702,20,4.2,Ramona Junior High School,Pomona Fairplex
180,42.39,-71,20,2,Massachusetts School Building Authority,Suffolk Downs
181,42.39,-71,20,4.9,A. C. Whelan Elementary School,Suffolk Downs
182,42.39,-71,20,4.2,Madeline English School,Suffolk Downs
183,42.39,-71,20,NAN,New England School-Law Legal,Suffolk Downs
184,42.39,-71,20,NAN,Empower Schools,Suffolk Downs
185,42.39,-71,20,4.5,Pope John Xxiii High School,Suffolk Downs
186,42.39,-71,20,4.6,Boston Collegiate Charter School,Suffolk Downs
187,42.39,-71,20,4.5,School of the Museum of Fine Arts at Tufts,Suffolk Downs
188,42.39,-71,20,5,Sawyer Business School,Suffolk Downs
189,42.39,-71,20,NAN,Chelsea School Department,Suffolk Downs
190,42.39,-71,20,3,William P Connery School,Suffolk Downs
191,42.39,-71,20,NAN,Abiel Smith School,Suffolk Downs
192,42.39,-71,20,5,Harvard law school,Suffolk Downs
193,42.39,-71,20,3.1,Garfield Middle School,Suffolk Downs
194,42.39,-71,20,4.6,Beachmont Veterans Memorial School,Suffolk Downs
195,42.39,-71,20,4.3,Everett High School,Suffolk Downs
196,42.39,-71,20,4.5,Northeastern University School of Law,Suffolk Downs
197,42.39,-71,20,NAN,boston school,Suffolk Downs
198,42.39,-71,20,4.8,Boston University School of Medicine,Suffolk Downs
199,42.39,-71,20,4.6,MIT Sloan School of Management,Suffolk Downs
200,42.34,-71.03,20,4.5,Harvard Graduate School Of Education,South Boston Waterfront
201,42.34,-71.03,20,4.7,Harvard T.H. Chan School of Public Health,South Boston Waterfront
202,42.34,-71.03,20,NAN,New England School-Law Legal,South Boston Waterfront
203,42.34,-71.03,20,4.5,School of the Museum of Fine Arts at Tufts,South Boston Waterfront
204,42.34,-71.03,20,4.2,Harvard Divinity School,South Boston Waterfront
205,42.34,-71.03,20,NAN,Abiel Smith School,South Boston Waterfront
206,42.34,-71.03,20,NAN,Academy of the Pacific Rim Charter School,South Boston Waterfront
207,42.34,-71.03,20,4.6,Boston Collegiate Charter School,South Boston Waterfront
208,42.34,-71.03,20,4,Winsor school,South Boston Waterfront
209,42.34,-71.03,20,4.5,Austin Hall,South Boston Waterfront
210,42.34,-71.03,20,5,Harvard law school,South Boston Waterfront
211,42.34,-71.03,20,4.5,Harvard John A. Paulson School Of Engineering And Applied Sciences,South Boston Waterfront
212,42.34,-71.03,20,NAN,Taubman Hall at Harvard Kennedy School,South Boston Waterfront
213,42.34,-71.03,20,2,Massachusetts School Building Authority,South Boston Waterfront
214,42.34,-71.03,20,3.6,City on a Hill Charter Public School Circuit Street,South Boston Waterfront
215,42.34,-71.03,20,4.5,Harvard Business School,South Boston Waterfront
216,42.34,-71.03,20,2.7,Boston University School of Law,South Boston Waterfront
217,42.34,-71.03,20,NAN,harvard kennedy school,South Boston Waterfront
218,42.34,-71.03,20,5,Tufts University School Of Medicine,South Boston Waterfront
219,42.34,-71.03,20,NAN,boston university henry m goldman school of dental medicine,South Boston Waterfront
220,42.35,-71.05,20,4.5,Harvard Graduate School Of Education,Downtown
221,42.35,-71.05,20,4.7,Harvard T.H. Chan School of Public Health,Downtown
222,42.35,-71.05,20,NAN,New England School-Law Legal,Downtown
223,42.35,-71.05,20,4.5,School of the Museum of Fine Arts at Tufts,Downtown
224,42.35,-71.05,20,4.2,Harvard Divinity School,Downtown
225,42.35,-71.05,20,NAN,Abiel Smith School,Downtown
226,42.35,-71.05,20,NAN,Academy of the Pacific Rim Charter School,Downtown
227,42.35,-71.05,20,4.6,Boston Collegiate Charter School,Downtown
228,42.35,-71.05,20,4,Winsor school,Downtown
229,42.35,-71.05,20,4.5,Austin Hall,Downtown
230,42.35,-71.05,20,5,Harvard law school,Downtown
231,42.35,-71.05,20,5,Thomas Gardner Elementary School,Downtown
232,42.35,-71.05,20,4.5,Harvard John A. Paulson School Of Engineering And Applied Sciences,Downtown
233,42.35,-71.05,20,NAN,Taubman Hall at Harvard Kennedy School,Downtown
234,42.35,-71.05,20,2,Massachusetts School Building Authority,Downtown
235,42.35,-71.05,20,4.5,Pope John Xxiii High School,Downtown
236,42.35,-71.05,20,3.6,City on a Hill Charter Public School Circuit Street,Downtown
237,42.35,-71.05,20,4.5,Harvard Business School,Downtown
238,42.35,-71.05,20,NAN,Tufts University School of Engineering,Downtown
239,42.35,-71.05,20,2.7,Boston University School of Law,Downtown
240,42.34,-71.06,20,4.5,Harvard Graduate School Of Education,South End
241,42.34,-71.06,20,4.7,Harvard T.H. Chan School of Public Health,South End
242,42.34,-71.06,20,NAN,New England School-Law Legal,South End
243,42.34,-71.06,20,4.5,School of the Museum of Fine Arts at Tufts,South End
244,42.34,-71.06,20,4.2,Harvard Divinity School,South End
245,42.34,-71.06,20,4.1,Patrick J. Kennedy Elementary School,South End
246,42.34,-71.06,20,NAN,Abiel Smith School,South End
247,42.34,-71.06,20,NAN,Academy of the Pacific Rim Charter School,South End
248,42.34,-71.06,20,4.6,Boston Collegiate Charter School,South End
249,42.34,-71.06,20,4,Winsor school,South End
250,42.34,-71.06,20,4.5,Austin Hall,South End
251,42.34,-71.06,20,5,Harvard law school,South End
252,42.34,-71.06,20,5,Thomas Gardner Elementary School,South End
253,42.34,-71.06,20,4.5,Harvard John A. Paulson School Of Engineering And Applied Sciences,South End
254,42.34,-71.06,20,NAN,Taubman Hall at Harvard Kennedy School,South End
255,42.34,-71.06,20,2,Massachusetts School Building Authority,South End
256,42.34,-71.06,20,3.6,City on a Hill Charter Public School Circuit Street,South End
257,42.34,-71.06,20,4.5,Harvard Business School,South End
258,42.34,-71.06,20,2.7,Boston University School of Law,South End
259,42.34,-71.06,20,NAN,harvard kennedy school,South End
260,40.75,-74,20,4.2,Park West High School,Hudson Yards
261,40.75,-74,20,5,School,Hudson Yards
262,40.75,-74,20,4,Norman Thomas High School,Hudson Yards
263,40.75,-74,20,4.5,South Brooklyn Community High School,Hudson Yards
264,40.75,-74,20,4.6,The Juilliard School,Hudson Yards
265,40.75,-74,20,3.8,School of General Studies of Columbia University,Hudson Yards
266,40.75,-74,20,4.7,"The New School, Albert and Vera List Academic Center",Hudson Yards
267,40.75,-74,20,4.4,Union City High School,Hudson Yards
268,40.75,-74,20,1,"Milano School of International Affairs, Management, and Urban Policy",Hudson Yards
269,40.75,-74,20,4.8,"Nord Anglia International School, New York",Hudson Yards
270,40.75,-74,20,4.4,Intermediate School 318,Hudson Yards
271,40.75,-74,20,4.5,St David's School,Hudson Yards
272,40.75,-74,20,NAN,New York Harbor School,Hudson Yards
273,40.75,-74,20,4.6,County Prep High School,Hudson Yards
274,40.75,-74,20,3.7,High Tech High School,Hudson Yards
275,40.75,-74,20,NAN,touro medical school,Hudson Yards
276,40.75,-74,20,4.5,Manhattan School of Music,Hudson Yards
277,40.75,-74,20,4.9,New York School of Design,Hudson Yards
278,40.75,-74,20,4,P.S. 030 Wilton,Hudson Yards
279,40.75,-74,20,5,The Arabic School of New York,Hudson Yards
280,40.74,-73.94,20,5,School,Long Island City
281,40.74,-73.94,20,NAN,New York City Board of Edu,Long Island City
282,40.74,-73.94,20,NAN,School,Long Island City
283,40.74,-73.94,20,4,Norman Thomas High School,Long Island City
284,40.74,-73.94,20,4.6,The Juilliard School,Long Island City
285,40.74,-73.94,20,3.8,School of General Studies of Columbia University,Long Island City
286,40.74,-73.94,20,4.5,South Brooklyn Community High School,Long Island City
287,40.74,-73.94,20,4.7,"The New School, Albert and Vera List Academic Center",Long Island City
288,40.74,-73.94,20,1,"Milano School of International Affairs, Management, and Urban Policy",Long Island City
289,40.74,-73.94,20,4.8,"Nord Anglia International School, New York",Long Island City
290,40.74,-73.94,20,4.4,Intermediate School 318,Long Island City
291,40.74,-73.94,20,4.5,St David's School,Long Island City
292,40.74,-73.94,20,3.7,High Tech High School,Long Island City
293,40.74,-73.94,20,NAN,touro medical school,Long Island City
294,40.74,-73.94,20,4.9,New York School of Design,Long Island City
295,40.74,-73.94,20,4,P.S. 030 Wilton,Long Island City
296,40.74,-73.94,20,5,The Arabic School of New York,Long Island City
297,40.74,-73.94,20,3.9,Blue School,Long Island City
298,40.74,-73.94,20,NAN,British Schools & Universities,Long Island City
299,40.74,-73.94,20,NAN,Blue School,Long Island City
300,40.7,-73.98,20,1,Brooklyn School District 14,Brooklyn Tech Triangle
301,40.7,-73.98,20,4,Norman Thomas High School,Brooklyn Tech Triangle
302,40.7,-73.98,20,4.5,South Brooklyn Community High School,Brooklyn Tech Triangle
303,40.7,-73.98,20,4.7,"The New School, Albert and Vera List Academic Center",Brooklyn Tech Triangle
304,40.7,-73.98,20,4.4,Union City High School,Brooklyn Tech Triangle
305,40.7,-73.98,20,1,"Milano School of International Affairs, Management, and Urban Policy",Brooklyn Tech Triangle
306,40.7,-73.98,20,4.8,"Nord Anglia International School, New York",Brooklyn Tech Triangle
307,40.7,-73.98,20,2.7,Teachers Preparatory High School,Brooklyn Tech Triangle
308,40.7,-73.98,20,NAN,New York Harbor School,Brooklyn Tech Triangle
309,40.7,-73.98,20,4.6,County Prep High School,Brooklyn Tech Triangle
310,40.7,-73.98,20,3,Manhattan Charter School 2,Brooklyn Tech Triangle
311,40.7,-73.98,20,NAN,New York University Stern School,Brooklyn Tech Triangle
312,40.7,-73.98,20,4.9,New York School of Design,Brooklyn Tech Triangle
313,40.7,-73.98,20,5,The Arabic School of New York,Brooklyn Tech Triangle
314,40.7,-73.98,20,3.9,Blue School,Brooklyn Tech Triangle
315,40.7,-73.98,20,NAN,Blue School,Brooklyn Tech Triangle
316,40.7,-73.98,20,4.6,MS 442 School for Innovation,Brooklyn Tech Triangle
317,40.7,-73.98,20,NAN,Brooklyn Law School,Brooklyn Tech Triangle
318,40.7,-73.98,20,NAN,American Community School,Brooklyn Tech Triangle
319,40.7,-73.98,20,4.2,School of Visual Arts,Brooklyn Tech Triangle
320,40.7,-74.01,20,1,Brooklyn School District 14,Financial District
321,40.7,-74.01,20,4,Norman Thomas High School,Financial District
322,40.7,-74.01,20,4.5,South Brooklyn Community High School,Financial District
323,40.7,-74.01,20,4.7,"The New School, Albert and Vera List Academic Center",Financial District
324,40.7,-74.01,20,4.4,Union City High School,Financial District
325,40.7,-74.01,20,1,"Milano School of International Affairs, Management, and Urban Policy",Financial District
326,40.7,-74.01,20,4.8,"Nord Anglia International School, New York",Financial District
327,40.7,-74.01,20,NAN,New York Harbor School,Financial District
328,40.7,-74.01,20,4.6,County Prep High School,Financial District
329,40.7,-74.01,20,3,Manhattan Charter School 2,Financial District
330,40.7,-74.01,20,NAN,New York University Stern School,Financial District
331,40.7,-74.01,20,4.9,New York School of Design,Financial District
332,40.7,-74.01,20,5,The Arabic School of New York,Financial District
333,40.7,-74.01,20,3.9,Blue School,Financial District
334,40.7,-74.01,20,NAN,Blue School,Financial District
335,40.7,-74.01,20,4.6,MS 442 School for Innovation,Financial District
336,40.7,-74.01,20,NAN,Brooklyn Law School,Financial District
337,40.7,-74.01,20,NAN,American Community School,Financial District
338,40.7,-74.01,20,4.2,School of Visual Arts,Financial District
339,40.7,-74.01,20,3.2,Relay Graduate School of Education,Financial District
340,41.91,-87.64,20,NAN,Schools,Lincoln Yards
341,41.91,-87.64,20,3.7,Adler University,Lincoln Yards
342,41.91,-87.64,20,3.6,Merit School of Music,Lincoln Yards
343,41.91,-87.64,20,5,Village Leadership Academy-Upper School,Lincoln Yards
344,41.91,-87.64,20,4.4,Providence St Mel High School,Lincoln Yards
345,41.91,-87.64,20,4,Westinghouse College Prep High School,Lincoln Yards
346,41.91,-87.64,20,NAN,Moos Elementary School,Lincoln Yards
347,41.91,-87.64,20,4.8,The French Pastry School,Lincoln Yards
348,41.91,-87.64,20,4.2,Lane Tech College Prep High School,Lincoln Yards
349,41.91,-87.64,20,NAN,Illinois Safe Schools Alliance,Lincoln Yards
350,41.91,-87.64,20,4.1,School of the Art Institute of Chicago,Lincoln Yards
351,41.91,-87.64,20,4.5,Northwestern Pritzker School of Law,Lincoln Yards
352,41.91,-87.64,20,4.2,John Marshall Law School,Lincoln Yards
353,41.91,-87.64,20,NAN,School,Lincoln Yards
354,41.91,-87.64,20,4,School of the Art Institute of Chicago,Lincoln Yards
355,41.91,-87.64,20,4,The Chicago School of Professional Psychology,Lincoln Yards
356,41.91,-87.64,20,5,School of the Art Institute of Chicago,Lincoln Yards
357,41.91,-87.64,20,NAN,The school,Lincoln Yards
358,41.91,-87.64,20,3.6,UIC College Prep,Lincoln Yards
359,41.91,-87.64,20,4,Crane Technical Prep High School,Lincoln Yards
360,41.89,-87.64,20,NAN,Schools,The River District
361,41.89,-87.64,20,3.7,Adler University,The River District
362,41.89,-87.64,20,3.6,Merit School of Music,The River District
363,41.89,-87.64,20,5,Village Leadership Academy-Upper School,The River District
364,41.89,-87.64,20,4.4,Providence St Mel High School,The River District
365,41.89,-87.64,20,4,Westinghouse College Prep High School,The River District
366,41.89,-87.64,20,NAN,Moos Elementary School,The River District
367,41.89,-87.64,20,4.8,The French Pastry School,The River District
368,41.89,-87.64,20,4.2,Lane Tech College Prep High School,The River District
369,41.89,-87.64,20,NAN,Illinois Safe Schools Alliance,The River District
370,41.89,-87.64,20,4.1,School of the Art Institute of Chicago,The River District
371,41.89,-87.64,20,4.5,Northwestern Pritzker School of Law,The River District
372,41.89,-87.64,20,4.2,John Marshall Law School,The River District
373,41.89,-87.64,20,NAN,School,The River District
374,41.89,-87.64,20,4,School of the Art Institute of Chicago,The River District
375,41.89,-87.64,20,4,The Chicago School of Professional Psychology,The River District
376,41.89,-87.64,20,5,School of the Art Institute of Chicago,The River District
377,41.89,-87.64,20,NAN,The school,The River District
378,41.89,-87.64,20,3.6,UIC College Prep,The River District
379,41.89,-87.64,20,5,Komensky School,The River District
380,41.88,-87.65,20,NAN,Schools,Futton Market
381,41.88,-87.65,20,3.7,Adler University,Futton Market
382,41.88,-87.65,20,3.6,Merit School of Music,Futton Market
383,41.88,-87.65,20,5,Village Leadership Academy-Upper School,Futton Market
384,41.88,-87.65,20,4.4,Providence St Mel High School,Futton Market
385,41.88,-87.65,20,4,Westinghouse College Prep High School,Futton Market
386,41.88,-87.65,20,NAN,Moos Elementary School,Futton Market
387,41.88,-87.65,20,4.8,The French Pastry School,Futton Market
388,41.88,-87.65,20,4.2,Lane Tech College Prep High School,Futton Market
389,41.88,-87.65,20,NAN,Illinois Safe Schools Alliance,Futton Market
390,41.88,-87.65,20,4.1,School of the Art Institute of Chicago,Futton Market
391,41.88,-87.65,20,4.5,Northwestern Pritzker School of Law,Futton Market
392,41.88,-87.65,20,4.2,John Marshall Law School,Futton Market
393,41.88,-87.65,20,NAN,School,Futton Market
394,41.88,-87.65,20,4,School of the Art Institute of Chicago,Futton Market
395,41.88,-87.65,20,4,The Chicago School of Professional Psychology,Futton Market
396,41.88,-87.65,20,5,School of the Art Institute of Chicago,Futton Market
397,41.88,-87.65,20,NAN,The school,Futton Market
398,41.88,-87.65,20,5,Social Justice High School,Futton Market
399,41.88,-87.65,20,3.7,Kelly High School,Futton Market
400,41.87,-87.63,20,NAN,Schools,City Center Campus
401,41.87,-87.63,20,3.6,Merit School of Music,City Center Campus
402,41.87,-87.63,20,5,Village Leadership Academy-Upper School,City Center Campus
403,41.87,-87.63,20,4.4,Providence St Mel High School,City Center Campus
404,41.87,-87.63,20,4,Westinghouse College Prep High School,City Center Campus
405,41.87,-87.63,20,NAN,Moos Elementary School,City Center Campus
406,41.87,-87.63,20,3.7,Adler University,City Center Campus
407,41.87,-87.63,20,4.8,The French Pastry School,City Center Campus
408,41.87,-87.63,20,NAN,Illinois Safe Schools Alliance,City Center Campus
409,41.87,-87.63,20,4.1,School of the Art Institute of Chicago,City Center Campus
410,41.87,-87.63,20,4.2,John Marshall Law School,City Center Campus
411,41.87,-87.63,20,NAN,School,City Center Campus
412,41.87,-87.63,20,4,School of the Art Institute of Chicago,City Center Campus
413,41.87,-87.63,20,4.5,Northwestern Pritzker School of Law,City Center Campus
414,41.87,-87.63,20,4,The Chicago School of Professional Psychology,City Center Campus
415,41.87,-87.63,20,5,School of the Art Institute of Chicago,City Center Campus
416,41.87,-87.63,20,NAN,The school,City Center Campus
417,41.87,-87.63,20,3.7,Kelly High School,City Center Campus
418,41.87,-87.63,20,3.6,UIC College Prep,City Center Campus
419,41.87,-87.63,20,4.9,Jane Addams High School,City Center Campus
420,41.87,-87.62,20,NAN,Schools,The Downtown District
421,41.87,-87.62,20,3.6,Merit School of Music,The Downtown District
422,41.87,-87.62,20,5,Village Leadership Academy-Upper School,The Downtown District
423,41.87,-87.62,20,4.4,Providence St Mel High School,The Downtown District
424,41.87,-87.62,20,4,Westinghouse College Prep High School,The Downtown District
425,41.87,-87.62,20,NAN,Moos Elementary School,The Downtown District
426,41.87,-87.62,20,3.7,Adler University,The Downtown District
427,41.87,-87.62,20,4.8,The French Pastry School,The Downtown District
428,41.87,-87.62,20,NAN,Illinois Safe Schools Alliance,The Downtown District
429,41.87,-87.62,20,4.1,School of the Art Institute of Chicago,The Downtown District
430,41.87,-87.62,20,4.2,John Marshall Law School,The Downtown District
431,41.87,-87.62,20,NAN,School,The Downtown District
432,41.87,-87.62,20,4,School of the Art Institute of Chicago,The Downtown District
433,41.87,-87.62,20,4.5,Northwestern Pritzker School of Law,The Downtown District
434,41.87,-87.62,20,4,The Chicago School of Professional Psychology,The Downtown District
435,41.87,-87.62,20,5,School of the Art Institute of Chicago,The Downtown District
436,41.87,-87.62,20,NAN,The school,The Downtown District
437,41.87,-87.62,20,3.6,UIC College Prep,The Downtown District
438,41.87,-87.62,20,5,Chicago School of Flower Design,The Downtown District
439,41.87,-87.62,20,4,Crane Technical Prep High School,The Downtown District
440,41.86,-87.67,20,NAN,Schools,The Illinois Medical District
441,41.86,-87.67,20,3.6,Merit School of Music,The Illinois Medical District
442,41.86,-87.67,20,4.7,Michele Clark Magnet High School,The Illinois Medical District
443,41.86,-87.67,20,5,Village Leadership Academy-Upper School,The Illinois Medical District
444,41.86,-87.67,20,5,T. G. Masaryk Czech School,The Illinois Medical District
445,41.86,-87.67,20,5,Saint Thomas School,The Illinois Medical District
446,41.86,-87.67,20,4.4,Providence St Mel High School,The Illinois Medical District
447,41.86,-87.67,20,4,Westinghouse College Prep High School,The Illinois Medical District
448,41.86,-87.67,20,NAN,Moos Elementary School,The Illinois Medical District
449,41.86,-87.67,20,3.7,Adler University,The Illinois Medical District
450,41.86,-87.67,20,4.8,The French Pastry School,The Illinois Medical District
451,41.86,-87.67,20,NAN,Illinois Safe Schools Alliance,The Illinois Medical District
452,41.86,-87.67,20,4.1,School of the Art Institute of Chicago,The Illinois Medical District
453,41.86,-87.67,20,4.2,John Marshall Law School,The Illinois Medical District
454,41.86,-87.67,20,NAN,School,The Illinois Medical District
455,41.86,-87.67,20,4,School of the Art Institute of Chicago,The Illinois Medical District
456,41.86,-87.67,20,4,The Chicago School of Professional Psychology,The Illinois Medical District
457,41.86,-87.67,20,5,School of the Art Institute of Chicago,The Illinois Medical District
458,41.86,-87.67,20,NAN,The school,The Illinois Medical District
459,41.86,-87.67,20,3.6,Arthur A Libby School,The Illinois Medical District
460,41.85,-87.66,20,NAN,Schools,The 78
461,41.85,-87.66,20,4.7,The Harris School of Public Policy Studies,The 78
462,41.85,-87.66,20,3.6,Merit School of Music,The 78
463,41.85,-87.66,20,4.7,Michele Clark Magnet High School,The 78
464,41.85,-87.66,20,5,Village Leadership Academy-Upper School,The 78
465,41.85,-87.66,20,5,Saint Thomas School,The 78
466,41.85,-87.66,20,4.4,Providence St Mel High School,The 78
467,41.85,-87.66,20,4,Westinghouse College Prep High School,The 78
468,41.85,-87.66,20,NAN,Moos Elementary School,The 78
469,41.85,-87.66,20,3.7,Adler University,The 78
470,41.85,-87.66,20,4.8,The French Pastry School,The 78
471,41.85,-87.66,20,NAN,Illinois Safe Schools Alliance,The 78
472,41.85,-87.66,20,4.1,School of the Art Institute of Chicago,The 78
473,41.85,-87.66,20,4.8,The University of Chicago Booth School of Business,The 78
474,41.85,-87.66,20,4.2,John Marshall Law School,The 78
475,41.85,-87.66,20,NAN,School,The 78
476,41.85,-87.66,20,4,School of the Art Institute of Chicago,The 78
477,41.85,-87.66,20,4,The Chicago School of Professional Psychology,The 78
478,41.85,-87.66,20,5,School of the Art Institute of Chicago,The 78
479,41.85,-87.66,20,NAN,The school,The 78
480,41.83,-87.6,20,4.7,The Harris School of Public Policy Studies,Burnham Lakefront
481,41.83,-87.6,20,3.6,Merit School of Music,Burnham Lakefront
482,41.83,-87.6,20,4.5,The Chicago High School for the Arts,Burnham Lakefront
483,41.83,-87.6,20,5,Village Leadership Academy-Upper School,Burnham Lakefront
484,41.83,-87.6,20,4.6,Mount Carmel High School,Burnham Lakefront
485,41.83,-87.6,20,3.7,Adler University,Burnham Lakefront
486,41.83,-87.6,20,4.8,The French Pastry School,Burnham Lakefront
487,41.83,-87.6,20,NAN,Illinois Safe Schools Alliance,Burnham Lakefront
488,41.83,-87.6,20,4.1,School of the Art Institute of Chicago,Burnham Lakefront
489,41.83,-87.6,20,4.8,The University of Chicago Booth School of Business,Burnham Lakefront
490,41.83,-87.6,20,4,The Chicago School of Professional Psychology,Burnham Lakefront
491,41.83,-87.6,20,4.2,John Marshall Law School,Burnham Lakefront
492,41.83,-87.6,20,NAN,School,Burnham Lakefront
493,41.83,-87.6,20,4.5,University of Chicago Law School,Burnham Lakefront
494,41.83,-87.6,20,4,School of the Art Institute of Chicago,Burnham Lakefront
495,41.83,-87.6,20,5,School of the Art Institute of Chicago,Burnham Lakefront
496,41.83,-87.6,20,NAN,The school,Burnham Lakefront
497,41.83,-87.6,20,3.6,Arthur A Libby School,Burnham Lakefront
498,41.83,-87.6,20,4.8,School of Social Service Administration,Burnham Lakefront
499,41.83,-87.6,20,5,The University of Chicago Pritzker School of Medicine,Burnham Lakefront
500,35.9,-78.87,20,3.5,Hillside High School & New Tech High,Research Triangle Park
501,35.9,-78.87,20,3.2,Panther Creek High School,Research Triangle Park
502,35.9,-78.87,20,5,NCCU School of Law,Research Triangle Park
503,35.9,-78.87,20,4.5,North Carolina Central University's School of Education,Research Triangle Park
504,35.9,-78.87,20,3.5,Kestrel Heights Elementary School,Research Triangle Park
505,35.9,-78.87,20,4.7,Global Montessori School,Research Triangle Park
506,35.9,-78.87,20,NAN,Park West Barber School,Research Triangle Park
507,35.9,-78.87,20,3.7,Idyl Charter School,Research Triangle Park
508,35.9,-78.87,20,5,R N Harris Integrated Arts and Core Knowledge Magnet Elementary School,Research Triangle Park
509,35.9,-78.87,20,NAN,Murphey School In Chapel Hill,Research Triangle Park
510,35.9,-78.87,20,5,Chapel Hill Chinese Language & Culture School,Research Triangle Park
511,35.9,-78.87,20,NAN,Epworth Pre-School,Research Triangle Park
512,35.9,-78.87,20,5,Westminster School for Young Children,Research Triangle Park
513,35.9,-78.87,20,NAN,Durham Public Schools,Research Triangle Park
514,35.9,-78.87,20,NAN,Hope Valley School,Research Triangle Park
515,35.9,-78.87,20,NAN,PhD Swim School,Research Triangle Park
516,35.9,-78.87,20,NAN,American School-Asian Culture,Research Triangle Park
517,35.9,-78.87,20,1,Triangle Collaborative School,Research Triangle Park
518,35.9,-78.87,20,4,The Goddard School,Research Triangle Park
519,35.9,-78.87,20,4.2,Apex School of Theology,Research Triangle Park
520,35.85,-79.08,20,NAN,Summer School,Chatham Park
521,35.85,-79.08,20,4.2,UNC School of Medicine,Chatham Park
522,35.85,-79.08,20,4.7,UNC Kenan-Flagler Business School,Chatham Park
523,35.85,-79.08,20,NAN,UNC School of Medicine Bldg 52,Chatham Park
524,35.85,-79.08,20,4.2,UNC School of Nursing,Chatham Park
525,35.85,-79.08,20,3.5,UNC School of Dentistry,Chatham Park
526,35.85,-79.08,20,3.5,Carrboro High School,Chatham Park
527,35.85,-79.08,20,5,Grey Culbreth Middle School,Chatham Park
528,35.85,-79.08,20,4.5,Carrboro Elementary School,Chatham Park
529,35.85,-79.08,20,5,"Willow Oak Montessori Charter School, Inc.",Chatham Park
530,35.85,-79.08,20,4.6,The Old School at Fancy Gap,Chatham Park
531,35.85,-79.08,20,3.2,Carrboro Early School,Chatham Park
532,35.85,-79.08,20,3.8,Afton Nature School,Chatham Park
533,35.85,-79.08,20,5,University Presbyterian Pre-School,Chatham Park
534,35.85,-79.08,20,NAN,Lincoln School,Chatham Park
535,35.85,-79.08,20,NAN,Communities In Schools of Orange County,Chatham Park
536,35.85,-79.08,20,NAN,White House School,Chatham Park
537,35.85,-79.08,20,5,Primrose School of Chapel Hill at Briar Chapel,Chatham Park
538,35.85,-79.08,20,NAN,UNC School of Medicine,Chatham Park
539,35.85,-79.08,20,NAN,5-minute Dental Schools Loop,Chatham Park
540,35.77,-78.64,20,3.8,Saint Mary's School,Warehouse District
541,35.77,-78.64,20,3.7,Athens Drive Magnet High School,Warehouse District
542,35.77,-78.64,20,5,The Graduate School,Warehouse District
543,35.77,-78.64,20,4.1,Cardinal Gibbons High School NC,Warehouse District
544,35.77,-78.64,20,3.6,Needham B. Broughton High School,Warehouse District
545,35.77,-78.64,20,4.8,Governor Morehead School,Warehouse District
546,35.77,-78.64,20,3.8,Enloe High School,Warehouse District
547,35.77,-78.64,20,5,NC Virtual Public School,Warehouse District
548,35.77,-78.64,20,3.9,Longleaf School Of The Arts,Warehouse District
549,35.77,-78.64,20,3.3,Garner High School,Warehouse District
550,35.77,-78.64,20,3.6,Southeast Raleigh High School,Warehouse District
551,35.77,-78.64,20,4.5,Stough Elementary School,Warehouse District
552,35.77,-78.64,20,4.1,Campbell University Norman Adrian Wiggins School of Law,Warehouse District
553,35.77,-78.64,20,NAN,Communities In Schools,Warehouse District
554,35.77,-78.64,20,NAN,Vital Link Private Schools,Warehouse District
555,35.77,-78.64,20,3.8,Vital Link Private Schools,Warehouse District
556,35.77,-78.64,20,4.1,Partnership Elementary School,Warehouse District
557,35.77,-78.64,20,4.2,Dillard Drive Elementary School,Warehouse District
558,35.77,-78.64,20,4,Moore Square Middle School,Warehouse District
559,35.77,-78.64,20,5,Pam's School of Raleigh,Warehouse District
560,33.7615,-84.3856,20,4,Charles R. Drew Charter School,Downtown Atlanta
561,33.7615,-84.3856,20,5,The New School,Downtown Atlanta
562,33.7615,-84.3856,20,NAN,Python Hall,Downtown Atlanta
563,33.7615,-84.3856,20,4.3,Morehouse School of Medicine,Downtown Atlanta
564,33.7615,-84.3856,20,4.6,Nell Hodgson Woodruff School of Nursing,Downtown Atlanta
565,33.7615,-84.3856,20,5,Georgia Tech School of Public Policy,Downtown Atlanta
566,33.7615,-84.3856,20,3.9,Atlanta's John Marshall Law School,Downtown Atlanta
567,33.7615,-84.3856,20,4,Druid Hills High School,Downtown Atlanta
568,33.7615,-84.3856,20,4.5,Georgia Institute of Technology School of Physics,Downtown Atlanta
569,33.7615,-84.3856,20,NAN,Callanwolde Rick Baker School of Music and Music Recording,Downtown Atlanta
570,33.7615,-84.3856,20,5,Intown Community School,Downtown Atlanta
571,33.7615,-84.3856,20,3.9,Carver High School,Downtown Atlanta
572,33.7615,-84.3856,20,4.6,Emory University: School of Medicine,Downtown Atlanta
573,33.7615,-84.3856,20,NAN,Johnson School,Downtown Atlanta
574,33.7615,-84.3856,20,4.8,Emory Rollins School of Public Health,Downtown Atlanta
575,33.7615,-84.3856,20,4.6,Emory University's Goizueta Business School,Downtown Atlanta
576,33.7615,-84.3856,20,NAN,The LIFE School,Downtown Atlanta
577,33.7615,-84.3856,20,4.5,Primrose School of Midtown at Colony Square,Downtown Atlanta
578,33.7615,-84.3856,20,1,Atlanta Public Schools Transportation,Downtown Atlanta
579,33.7615,-84.3856,20,NAN,Nursing Schools Atlanta,Downtown Atlanta
580,34.5129,-93.0431,20,3.6,Lakeside High School,Midtown
581,34.5129,-93.0431,20,4.3,"Arkansas School for Mathematics, Sciences and the Arts",Midtown
582,34.5129,-93.0431,20,4.7,Fountain Lake School District,Midtown
583,34.5129,-93.0431,20,3.8,Hot Springs High School,Midtown
584,34.5129,-93.0431,20,4.6,Hot Springs Intermediate MYP World School,Midtown
585,34.5129,-93.0431,20,3.9,Cutter Morning Star School,Midtown
586,34.5129,-93.0431,20,5,Lakeside Intermediate School,Midtown
587,34.5129,-93.0431,20,4,Oaklawn Visual and Performing Arts Magnet School,Midtown
588,34.5129,-93.0431,20,5,Langston Aerospace and Environmental Magnet School,Midtown
589,34.5129,-93.0431,20,3.7,Gardner STEM Magnet,Midtown
590,34.5129,-93.0431,20,4,Hot Springs Middle School,Midtown
591,34.5129,-93.0431,20,5,Gospel Light Christian School,Midtown
592,34.5129,-93.0431,20,3,St John's Catholic School,Midtown
593,34.5129,-93.0431,20,1,Summit School,Midtown
594,34.5129,-93.0431,20,5,Hot Springs Community School,Midtown
595,34.5129,-93.0431,20,4.1,Lakeside Middle School,Midtown
596,34.5129,-93.0431,20,2,Lakeside Elementary School,Midtown
597,34.5129,-93.0431,20,NAN,Turning Points School,Midtown
598,34.5129,-93.0431,20,NAN,St Luke's Day School,Midtown
599,34.5129,-93.0431,20,NAN,Little Lambs Lutheran Pre-School,Midtown
600,33.904,-84.2843,20,3.4,Norcross High School,Former GM plant
601,33.904,-84.2843,20,3.7,St. Pius X Catholic High School,Former GM plant
602,33.904,-84.2843,20,3,James Madison High School,Former GM plant
603,33.904,-84.2843,20,4.3,Marist School,Former GM plant
604,33.904,-84.2843,20,4.4,Livsey Elementary School,Former GM plant
605,33.904,-84.2843,20,3.1,North Springs High School,Former GM plant
606,33.904,-84.2843,20,4,Keller Graduate School,Former GM plant
607,33.904,-84.2843,20,4.3,Paul Duke STEM High School,Former GM plant
608,33.904,-84.2843,20,5,Moyo's School,Former GM plant
609,33.904,-84.2843,20,5,Shallowford Presbyterian School,Former GM plant
610,33.904,-84.2843,20,NAN,"grady high school, atlanta, ga",Former GM plant
611,33.904,-84.2843,20,3.5,Chamblee Charter High School,Former GM plant
612,33.904,-84.2843,20,3.5,Lakeside High School,Former GM plant
613,33.904,-84.2843,20,5,APR Court Reporting School,Former GM plant
614,33.904,-84.2843,20,4.7,Vanderlyn Elementary School,Former GM plant
615,33.904,-84.2843,20,4.1,Huntley Hills Elementary School,Former GM plant
616,33.904,-84.2843,20,4.4,Kingsley Elementary School,Former GM plant
617,33.904,-84.2843,20,4,Tapestry Public Charter School,Former GM plant
618,33.904,-84.2843,20,4,Cloverleaf School,Former GM plant
619,33.904,-84.2843,20,NAN,Bartending school,Former GM plant
620,33.9133,-84.3888,20,4.8,Lovett School,The High Street Site
621,33.9133,-84.3888,20,4.1,Holy Innocents' Episcopal School,The High Street Site
622,33.9133,-84.3888,20,4,North Atlanta High School,The High Street Site
623,33.9133,-84.3888,20,NAN,Atlanta Girls' School,The High Street Site
624,33.9133,-84.3888,20,3.1,Dickerson Middle School,The High Street Site
625,33.9133,-84.3888,20,4.3,Marist School,The High Street Site
626,33.9133,-84.3888,20,5,E Rivers Elementary School,The High Street Site
627,33.9133,-84.3888,20,4.4,Springmont School,The High Street Site
628,33.9133,-84.3888,20,3.1,North Springs High School,The High Street Site
629,33.9133,-84.3888,20,5,"CMCH School - a Jewish Day School where students will learn, think, observe, & reflect.",The High Street Site
630,33.9133,-84.3888,20,4.8,Sarah Smith Elementary School Intermediate Campus,The High Street Site
631,33.9133,-84.3888,20,1,Keller Graduate School of Management- Atlanta/Cobb-Galleria Center,The High Street Site
632,33.9133,-84.3888,20,3.5,Chamblee Charter High School,The High Street Site
633,33.9133,-84.3888,20,1,Sunshine School,The High Street Site
634,33.9133,-84.3888,20,4,Keller Graduate School,The High Street Site
635,33.9133,-84.3888,20,NAN,Chamblee charter high school,The High Street Site
636,33.9133,-84.3888,20,5,Moyo's School,The High Street Site
637,33.9133,-84.3888,20,4.3,The Weber School,The High Street Site
638,33.9133,-84.3888,20,NAN,School,The High Street Site
639,33.9133,-84.3888,20,5,Solidarity School,The High Street Site
640,30.2586,-97.7444,20,5,School of Nursing,American-Statesman 
641,30.2586,-97.7444,20,4.5,Texas School for the Deaf,American-Statesman 
642,30.2586,-97.7444,20,NAN,IDEA Public Schools ARO,American-Statesman 
643,30.2586,-97.7444,20,4.5,Texas School for the Blind and Visually Impaired,American-Statesman 
644,30.2586,-97.7444,20,4.7,LBJ School Of Public Affairs,American-Statesman 
645,30.2586,-97.7444,20,4.5,Armstrong Community Music School,American-Statesman 
646,30.2586,-97.7444,20,5,All Austin Cooperative Nursery School,American-Statesman 
647,30.2586,-97.7444,20,4.6,McCombs School of Business,American-Statesman 
648,30.2586,-97.7444,20,5,PenPal Schools,American-Statesman 
649,30.2586,-97.7444,20,5,Acton School of Business,American-Statesman 
650,30.2586,-97.7444,20,4.4,University of Texas School of Law,American-Statesman 
651,30.2586,-97.7444,20,4,Austin Tinkering School,American-Statesman 
652,30.2586,-97.7444,20,5,Austin Community College Children's Lab School,American-Statesman 
653,30.2586,-97.7444,20,4.5,Child Craft Schools,American-Statesman 
654,30.2586,-97.7444,20,5,Long-View School,American-Statesman 
655,30.2586,-97.7444,20,5,Westminster Presbyterian Day School,American-Statesman 
656,30.2586,-97.7444,20,2,Texas Permanent School Fund,American-Statesman 
657,30.2586,-97.7444,20,4.1,Austin Independent School District,American-Statesman 
658,30.2586,-97.7444,20,NAN,Austin Independent School District,American-Statesman 
659,30.2586,-97.7444,20,NAN,Dell Medical School - Health Transformation Building,American-Statesman 
660,30.2714,-97.6647,20,5,School of Nursing,Eightfold
661,30.2714,-97.6647,20,NAN,IDEA Public Schools ARO,Eightfold
662,30.2714,-97.6647,20,4.7,LBJ School Of Public Affairs,Eightfold
663,30.2714,-97.6647,20,5,All Austin Cooperative Nursery School,Eightfold
664,30.2714,-97.6647,20,4.5,Texas School for the Blind and Visually Impaired,Eightfold
665,30.2714,-97.6647,20,4.6,McCombs School of Business,Eightfold
666,30.2714,-97.6647,20,5,Acton School of Business,Eightfold
667,30.2714,-97.6647,20,4.4,University of Texas School of Law,Eightfold
668,30.2714,-97.6647,20,4,Austin Tinkering School,Eightfold
669,30.2714,-97.6647,20,3.5,LB Johnson Early College High School,Eightfold
670,30.2714,-97.6647,20,4.2,Austin Classical School,Eightfold
671,30.2714,-97.6647,20,4.1,Oak Meadows Elementary School,Eightfold
672,30.2714,-97.6647,20,4,Austin Independent School District Special Centers,Eightfold
673,30.2714,-97.6647,20,5,Austin Community College Children's Lab School,Eightfold
674,30.2714,-97.6647,20,NAN,TRINITY CHARTER SCHOOL,Eightfold
675,30.2714,-97.6647,20,4.5,Child Craft Schools,Eightfold
676,30.2714,-97.6647,20,2,Texas Permanent School Fund,Eightfold
677,30.2714,-97.6647,20,3,Austin Chinese School,Eightfold
678,30.2714,-97.6647,20,NAN,Dell Medical School - Health Transformation Building,Eightfold
679,30.2714,-97.6647,20,3.8,Eastside Memorial Early College High School,Eightfold
680,30.199,-97.8276,20,4.5,Texas School for the Deaf,Former 3M site
681,30.199,-97.8276,20,NAN,IDEA Public Schools ARO,Former 3M site
682,30.199,-97.8276,20,5,PenPal Schools,Former 3M site
683,30.199,-97.8276,20,4.2,White Bird Montessori School,Former 3M site
684,30.199,-97.8276,20,3.4,Roz-Mina Montessori School,Former 3M site
685,30.199,-97.8276,20,4,San Juan Diego Catholic High School,Former 3M site
686,30.199,-97.8276,20,NAN,Headwaters School,Former 3M site
687,30.199,-97.8276,20,5,Red Leaf School of Music,Former 3M site
688,30.199,-97.8276,20,4.9,Band Aid School of Music - South Austin,Former 3M site
689,30.199,-97.8276,20,4,Master's Senior High School,Former 3M site
690,30.199,-97.8276,20,NAN,Austin Rising School,Former 3M site
691,30.199,-97.8276,20,NAN,Dill Alternative School,Former 3M site
692,30.199,-97.8276,20,5,Southwest School Bible Study,Former 3M site
693,30.199,-97.8276,20,NAN,Behind The Bar Bartending School,Former 3M site
694,30.199,-97.8276,20,NAN,Porter Junior High School,Former 3M site
695,30.199,-97.8276,20,NAN,Zuben's Montessori School,Former 3M site
696,30.199,-97.8276,20,3,KIPP Austin Brave High School,Former 3M site
697,30.199,-97.8276,20,NAN,Headwaters School,Former 3M site
698,30.199,-97.8276,20,NAN,Hill country middle school gym,Former 3M site
699,30.199,-97.8276,20,5,Lone Star School of Music,Former 3M site
700,30.4015,-97.7268,20,3,McNeil High School,The Domain
701,30.4015,-97.7268,20,3.6,Westwood High School,The Domain
702,30.4015,-97.7268,20,4.4,St. Theresa's Catholic School,The Domain
703,30.4015,-97.7268,20,NAN,St Matthews Episcopal Day School,The Domain
704,30.4015,-97.7268,20,5,Magellan International School - Preschool Campus,The Domain
705,30.4015,-97.7268,20,NAN,Anderson High School Applied Technology Building,The Domain
706,30.4015,-97.7268,20,5,Casa de Nios Bilingual Montessori School,The Domain
707,30.4015,-97.7268,20,4.3,Austin Graduate School of Theology,The Domain
708,30.4015,-97.7268,20,4.6,Saint Louis King of France Catholic Church & School,The Domain
709,30.4015,-97.7268,20,4.9,Emler Swim School of Austin-Anderson Mill,The Domain
710,30.4015,-97.7268,20,5,Murchison Middle School Paragliding and Hang Gliding Practice Hill,The Domain
711,30.4015,-97.7268,20,4.2,Austin Classical School,The Domain
712,30.4015,-97.7268,20,4.3,French School of Austin - Ecole Jean Jacques Rousseau,The Domain
713,30.4015,-97.7268,20,NAN,Lanier Junior High School,The Domain
714,30.4015,-97.7268,20,NAN,Austin's Pioneer Montessori School,The Domain
715,30.4015,-97.7268,20,5,IUIC School,The Domain
716,30.4015,-97.7268,20,4.8,Northwest School of Music -- Austin Music Lessons,The Domain
717,30.4015,-97.7268,20,4.3,Webb Primary School,The Domain
718,30.4015,-97.7268,20,NAN,Austin Texas Real Estate License School,The Domain
719,30.4015,-97.7268,20,4.7,Round Rock ISD Performing Arts Center,The Domain
720,30.4014,-97.7147,20,3,McNeil High School,Bardmoor Campus
721,30.4014,-97.7147,20,3.6,Westwood High School,Bardmoor Campus
722,30.4014,-97.7147,20,4.4,St. Theresa's Catholic School,Bardmoor Campus
723,30.4014,-97.7147,20,NAN,St Matthews Episcopal Day School,Bardmoor Campus
724,30.4014,-97.7147,20,3.4,Pflugerville High School,Bardmoor Campus
725,30.4014,-97.7147,20,5,Magellan International School - Preschool Campus,Bardmoor Campus
726,30.4014,-97.7147,20,NAN,Anderson High School Applied Technology Building,Bardmoor Campus
727,30.4014,-97.7147,20,5,Casa de Nios Bilingual Montessori School,Bardmoor Campus
728,30.4014,-97.7147,20,4.3,Austin Graduate School of Theology,Bardmoor Campus
729,30.4014,-97.7147,20,4.6,Saint Louis King of France Catholic Church & School,Bardmoor Campus
730,30.4014,-97.7147,20,4.9,Emler Swim School of Austin-Anderson Mill,Bardmoor Campus
731,30.4014,-97.7147,20,5,Murchison Middle School Paragliding and Hang Gliding Practice Hill,Bardmoor Campus
732,30.4014,-97.7147,20,NAN,Support Services - Pflugerville Independent School,Bardmoor Campus
733,30.4014,-97.7147,20,4.2,Austin Classical School,Bardmoor Campus
734,30.4014,-97.7147,20,4.3,French School of Austin - Ecole Jean Jacques Rousseau,Bardmoor Campus
735,30.4014,-97.7147,20,NAN,Lanier Junior High School,Bardmoor Campus
736,30.4014,-97.7147,20,NAN,Austin's Pioneer Montessori School,Bardmoor Campus
737,30.4014,-97.7147,20,5,IUIC School,Bardmoor Campus
738,30.4014,-97.7147,20,4.8,Northwest School of Music -- Austin Music Lessons,Bardmoor Campus
739,30.4014,-97.7147,20,4.3,Webb Primary School,Bardmoor Campus
740,30.4704,-97.7701,20,3.7,Vandegrift High School,Robinson Ranch
741,30.4704,-97.7701,20,3,McNeil High School,Robinson Ranch
742,30.4704,-97.7701,20,3.6,Westwood High School,Robinson Ranch
743,30.4704,-97.7701,20,3.7,Round Rock High School,Robinson Ranch
744,30.4704,-97.7701,20,3.2,Cedar Valley Middle School,Robinson Ranch
745,30.4704,-97.7701,20,3.2,Patsy Sommer Elementary,Robinson Ranch
746,30.4704,-97.7701,20,5,Casa de Nios Bilingual Montessori School,Robinson Ranch
747,30.4704,-97.7701,20,3.8,Brushy Creek Elementary School,Robinson Ranch
748,30.4704,-97.7701,20,5,Northwest Spanish School,Robinson Ranch
749,30.4704,-97.7701,20,4.9,Emler Swim School of Austin-Anderson Mill,Robinson Ranch
750,30.4704,-97.7701,20,5,The Golf School,Robinson Ranch
751,30.4704,-97.7701,20,NAN,The Joule School,Robinson Ranch
752,30.4704,-97.7701,20,NAN,Austin's Pioneer Montessori School,Robinson Ranch
753,30.4704,-97.7701,20,4.5,Brushy Creek Montessori School,Robinson Ranch
754,30.4704,-97.7701,20,4.8,Northwest School of Music -- Austin Music Lessons,Robinson Ranch
755,30.4704,-97.7701,20,3.5,Pearson Ranch Middle School,Robinson Ranch
756,30.4704,-97.7701,20,1,New Alternative High School,Robinson Ranch
757,30.4704,-97.7701,20,5,Wilson School of Strings,Robinson Ranch
758,30.4704,-97.7701,20,NAN,Austin Texas Real Estate License School,Robinson Ranch
759,30.4704,-97.7701,20,5,High Hopes Sports And After School,Robinson Ranch
760,30.1338,-97.6411,18,3.7,Creedmoor Elementary School,Project Catalyst
761,30.1338,-97.6411,18,4,Del Valle Middle School,Project Catalyst
762,30.1338,-97.6411,18,4.4,Del Valle Elementary School,Project Catalyst
763,30.1338,-97.6411,18,NAN,143 Smith School,Project Catalyst
764,30.1338,-97.6411,18,NAN,School Elementry,Project Catalyst
765,30.1338,-97.6411,18,NAN,Newton Collins Elementary,Project Catalyst
766,30.1338,-97.6411,18,3.2,Ojeda Middle School,Project Catalyst
767,30.1338,-97.6411,18,3.9,Smith Elementary School,Project Catalyst
768,30.1338,-97.6411,18,4,Popham Elementary School,Project Catalyst
769,30.1338,-97.6411,18,4,Austin Fire Academy,Project Catalyst
770,30.1338,-97.6411,18,NAN,Del Valle Discipline Alternative Education,Project Catalyst
771,30.1338,-97.6411,18,2.9,Del Valle High School,Project Catalyst
772,30.1338,-97.6411,18,4,TSA Check Point 2,Project Catalyst
773,30.1338,-97.6411,18,NAN,Joyful Child,Project Catalyst
774,30.1338,-97.6411,18,NAN,Red Cross,Project Catalyst
775,30.1338,-97.6411,18,NAN,Compass Flight Academy,Project Catalyst
776,30.1338,-97.6411,18,3.7,Austin Academy of Aviation,Project Catalyst
777,30.1338,-97.6411,18,4.8,Del Valle Opportunity Center,Project Catalyst
